,datetime,Demands(MW)
0,2023-02-22 00:00:00,424.09775
1,2023-02-22 01:00:00,391.30716
2,2023-02-22 02:00:00,405.70297
3,2023-02-22 03:00:00,404.24808
4,2023-02-22 04:00:00,412.63156
5,2023-02-22 05:00:00,407.5821
6,2023-02-22 06:00:00,424.92743
7,2023-02-22 07:00:00,458.3859
8,2023-02-22 08:00:00,485.96548
9,2023-02-22 09:00:00,458.39923
10,2023-02-22 10:00:00,467.45132
11,2023-02-22 11:00:00,478.44577
12,2023-02-22 12:00:00,498.55
13,2023-02-22 13:00:00,492.7004
14,2023-02-22 14:00:00,503.99408
15,2023-02-22 15:00:00,519.63965
16,2023-02-22 16:00:00,492.8477
17,2023-02-22 17:00:00,504.6035
18,2023-02-22 18:00:00,507.06348
19,2023-02-22 19:00:00,519.29584
20,2023-02-22 20:00:00,511.09888
21,2023-02-22 21:00:00,497.87048
22,2023-02-22 22:00:00,471.591
23,2023-02-22 23:00:00,433.56717
24,2023-02-23 00:00:00,431.34064
25,2023-02-23 01:00:00,423.93198
26,2023-02-23 02:00:00,425.21298
27,2023-02-23 03:00:00,402.43893
28,2023-02-23 04:00:00,410.2288
29,2023-02-23 05:00:00,420.13782
30,2023-02-23 06:00:00,445.68402
31,2023-02-23 07:00:00,481.154
32,2023-02-23 08:00:00,483.42062
33,2023-02-23 09:00:00,508.74252
34,2023-02-23 10:00:00,513.9538
35,2023-02-23 11:00:00,493.27756
36,2023-02-23 12:00:00,467.5817
37,2023-02-23 13:00:00,476.24615
38,2023-02-23 14:00:00,481.62042
39,2023-02-23 15:00:00,489.3364
40,2023-02-23 16:00:00,484.4347
41,2023-02-23 17:00:00,493.20602
42,2023-02-23 18:00:00,501.73035
43,2023-02-23 19:00:00,515.2557
44,2023-02-23 20:00:00,510.28964
45,2023-02-23 21:00:00,531.9611
46,2023-02-23 22:00:00,493.15366
47,2023-02-23 23:00:00,519.20984
48,2023-02-24 00:00:00,516.1315
49,2023-02-24 01:00:00,519.41766
50,2023-02-24 02:00:00,486.88315
51,2023-02-24 03:00:00,507.81094
52,2023-02-24 04:00:00,504.97446
53,2023-02-24 05:00:00,521.0688
54,2023-02-24 06:00:00,535.59625
55,2023-02-24 07:00:00,587.5278
56,2023-02-24 08:00:00,591.9491
57,2023-02-24 09:00:00,599.39575
58,2023-02-24 10:00:00,567.5869
59,2023-02-24 11:00:00,582.2792
60,2023-02-24 12:00:00,541.0554
61,2023-02-24 13:00:00,521.2723
62,2023-02-24 14:00:00,522.6151
63,2023-02-24 15:00:00,500.90454
64,2023-02-24 16:00:00,494.23325
65,2023-02-24 17:00:00,502.046
66,2023-02-24 18:00:00,551.2456
67,2023-02-24 19:00:00,554.89404
68,2023-02-24 20:00:00,570.5196
69,2023-02-24 21:00:00,593.26904
70,2023-02-24 22:00:00,564.8324
71,2023-02-24 23:00:00,507.16806
72,2023-02-25 00:00:00,455.7428
73,2023-02-25 01:00:00,445.1489
74,2023-02-25 02:00:00,456.94937
75,2023-02-25 03:00:00,453.86716
76,2023-02-25 04:00:00,460.57867
77,2023-02-25 05:00:00,454.114
78,2023-02-25 06:00:00,456.97983
79,2023-02-25 07:00:00,493.1077
80,2023-02-25 08:00:00,519.13983
81,2023-02-25 09:00:00,522.3338
82,2023-02-25 10:00:00,497.0816
83,2023-02-25 11:00:00,504.30978
84,2023-02-25 12:00:00,491.38593
85,2023-02-25 13:00:00,483.43185
86,2023-02-25 14:00:00,483.71283
87,2023-02-25 15:00:00,481.36084
88,2023-02-25 16:00:00,482.52243
89,2023-02-25 17:00:00,512.3189
90,2023-02-25 18:00:00,510.14194
91,2023-02-25 19:00:00,533.88477
92,2023-02-25 20:00:00,534.15607
93,2023-02-25 21:00:00,531.6198
94,2023-02-25 22:00:00,510.42517
95,2023-02-25 23:00:00,490.3351
96,2023-02-26 00:00:00,456.23306
97,2023-02-26 01:00:00,451.6034
98,2023-02-26 02:00:00,440.6476
99,2023-02-26 03:00:00,453.4013
100,2023-02-26 04:00:00,458.9083
101,2023-02-26 05:00:00,466.8294
102,2023-02-26 06:00:00,457.39737
103,2023-02-26 07:00:00,507.40778
104,2023-02-26 08:00:00,530.44946
105,2023-02-26 09:00:00,497.43762
106,2023-02-26 10:00:00,494.57437
107,2023-02-26 11:00:00,484.9915
108,2023-02-26 12:00:00,487.90347
109,2023-02-26 13:00:00,482.73615
110,2023-02-26 14:00:00,485.43546
111,2023-02-26 15:00:00,486.26102
112,2023-02-26 16:00:00,485.51547
113,2023-02-26 17:00:00,502.21432
114,2023-02-26 18:00:00,497.74106
115,2023-02-26 19:00:00,514.54565
116,2023-02-26 20:00:00,509.07648
117,2023-02-26 21:00:00,508.98138
118,2023-02-26 22:00:00,470.04593
119,2023-02-26 23:00:00,449.50812
120,2023-02-27 00:00:00,412.3321
121,2023-02-27 01:00:00,389.05923
122,2023-02-27 02:00:00,403.12598
123,2023-02-27 03:00:00,397.48547
124,2023-02-27 04:00:00,390.8056
125,2023-02-27 05:00:00,387.91644
126,2023-02-27 06:00:00,397.4062
127,2023-02-27 07:00:00,437.21085
128,2023-02-27 08:00:00,452.18298
129,2023-02-27 09:00:00,440.89923
130,2023-02-27 10:00:00,429.02432
131,2023-02-27 11:00:00,516.8847
132,2023-02-27 12:00:00,506.65594
133,2023-02-27 13:00:00,490.76315
134,2023-02-27 14:00:00,494.4929
135,2023-02-27 15:00:00,483.34982
136,2023-02-27 16:00:00,480.577
137,2023-02-27 17:00:00,486.25638
138,2023-02-27 18:00:00,488.42932
139,2023-02-27 19:00:00,476.8019
140,2023-02-27 20:00:00,480.79047
141,2023-02-27 21:00:00,461.071
142,2023-02-27 22:00:00,441.1947
143,2023-02-27 23:00:00,423.29504
144,2023-02-28 00:00:00,399.60492
145,2023-02-28 01:00:00,377.24484
146,2023-02-28 02:00:00,390.74564
147,2023-02-28 03:00:00,386.2741
148,2023-02-28 04:00:00,388.9626
149,2023-02-28 05:00:00,385.52917
150,2023-02-28 06:00:00,386.74216
151,2023-02-28 07:00:00,440.03757
152,2023-02-28 08:00:00,446.18323
153,2023-02-28 09:00:00,427.62057
154,2023-02-28 10:00:00,450.88965
155,2023-02-28 11:00:00,431.5482
156,2023-02-28 12:00:00,448.4144
157,2023-02-28 13:00:00,462.36908
158,2023-02-28 14:00:00,461.53275
159,2023-02-28 15:00:00,461.8107
160,2023-02-28 16:00:00,458.65814
161,2023-02-28 17:00:00,468.0326
162,2023-02-28 18:00:00,456.37277
163,2023-02-28 19:00:00,463.04312
164,2023-02-28 20:00:00,466.50452
165,2023-02-28 21:00:00,455.36783
166,2023-02-28 22:00:00,435.35684
167,2023-02-28 23:00:00,417.69382
